"Row_Name","RMSSD","SDNN","mean_HR","mean_IBI","mean_SCL_Raw","mean_SCR_amplitude_raw","mean_SCR_frequency_raw","mean_SCR_rise_time_raw"
"Answer_Q1",-0.0327495603329013,-0.0343729150824978,0.0649395043299613,-0.111980783711109,0.100045609283573,-0.0572668954574177,0.124296851878791,-0.15272175295651
"Answer_Q2",0.0323962371399887,0.0465967190933547,0.0329166594676579,-0.0348928607676864,0.0352582650747861,-0.0464889517884952,0.0691955333812524,-0.0924104103505516
