"row_name","RMSSD","SDNN","mean_HR","mean_IBI","mean_SCL_Raw","mean_SCR_amplitude_raw","mean_SCR_frequency_raw","mean_SCR_rise_time_raw","mean_Blink_rate_last_minute","mean_Saccade_amplitude_raw","mean_Saccade_velocity_raw"
"Answer_Q1",0.0294179703803906,0.0268599138113414,0.0588461378341927,-0.0601160789103862,0.041273080300843,-0.208928841447509,0.0332175429583426,-0.0811892429470852,0.133146000539371,-0.107579771809493,-0.103848716452014
"Answer_Q2",0.09309113501612,0.108143128303588,0.0329076903516063,0.00342076239558882,-0.0131681441311692,-0.122179893241376,-0.0161038460719941,-0.00719163609202973,0.0949411313050191,-0.0666237112869496,-0.0572606722438106
